,city,Date,Latitude,Longitude,Death
0,Qom,2020/02/19,34.654461,50.87928,2.0
1,Qom,2020/02/20,34.654461,50.87928,4.0
2,Qom,2020/02/21,34.654461,50.87928,11.0
3,Qom,2020/02/22,34.654461,50.87928,19.0
4,Qom,2020/02/23,34.654461,50.87928,26.0
5,Qom,2020/02/24,34.654461,50.87928,34.0
6,Qom,2020/02/25,34.654461,50.87928,50.0
7,Qom,2020/02/26,34.654461,50.87928,65.0
8,Qom,2020/02/27,34.654461,50.87928,72.0
9,Qom,2020/02/28,34.654461,50.87928,88.0
10,Qom,2020/02/29,34.654461,50.87928,109.0
11,Qom,2020/03/01,34.654461,50.87928,139.0
12,Qom,2020/03/02,34.654461,50.87928,139.0
13,Qom,2020/03/03,34.654461,50.87928,139.0
14,Qom,2020/03/04,34.654461,50.87928,240.0
15,Qom,2020/03/05,34.654461,50.87928,272.0
16,Qom,2020/03/06,34.654461,50.87928,409.0
17,Qom,2020/03/07,34.654461,50.87928,554.0
18,Qom,2020/03/08,34.654461,50.87928,571.0
19,Qom,2020/03/09,34.654461,50.87928,598.0
20,Qom,2020/03/10,34.654461,50.87928,637.0
21,Qom,2020/03/11,34.654461,50.87928,690.0
22,Qom,2020/03/12,34.654461,50.87928,732.0
23,Qom,2020/03/13,34.654461,50.87928,774.0
24,Qom,2020/03/14,34.654461,50.87928,806.0
25,Qom,2020/03/15,34.654461,50.87928,890.0
26,Qom,2020/03/16,34.654461,50.87928,909.0
27,Qom,2020/03/17,34.654461,50.87928,938.0
28,Qom,2020/03/18,34.654461,50.87928,960.0
29,Qom,2020/03/19,34.654461,50.87928,991.0
30,Qom,2020/03/20,34.654461,50.87928,1027.0
31,Qom,2020/03/21,34.654461,50.87928,1047.0
32,Qom,2020/03/22,34.654461,50.87928,1064.0
33,Tehran,2020/02/19,35.689198,51.388973,0.0
34,Tehran,2020/02/20,35.689198,51.388973,0.0
35,Tehran,2020/02/21,35.689198,51.388973,4.0
36,Tehran,2020/02/22,35.689198,51.388973,6.0
37,Tehran,2020/02/23,35.689198,51.388973,10.0
38,Tehran,2020/02/24,35.689198,51.388973,13.0
39,Tehran,2020/02/25,35.689198,51.388973,21.0
40,Tehran,2020/02/26,35.689198,51.388973,25.0
41,Tehran,2020/02/27,35.689198,51.388973,63.0
42,Tehran,2020/02/28,35.689198,51.388973,127.0
43,Tehran,2020/02/29,35.689198,51.388973,179.0
44,Tehran,2020/03/01,35.689198,51.388973,349.0
45,Tehran,2020/03/02,35.689198,51.388973,349.0
46,Tehran,2020/03/03,35.689198,51.388973,349.0
47,Tehran,2020/03/04,35.689198,51.388973,602.0
48,Tehran,2020/03/05,35.689198,51.388973,658.0
49,Tehran,2020/03/06,35.689198,51.388973,719.0
50,Tehran,2020/03/07,35.689198,51.388973,845.0
51,Tehran,2020/03/08,35.689198,51.388973,1111.0
52,Tehran,2020/03/09,35.689198,51.388973,1251.0
53,Tehran,2020/03/10,35.689198,51.388973,1420.0
54,Tehran,2020/03/11,35.689198,51.388973,1676.0
55,Tehran,2020/03/12,35.689198,51.388973,1979.0
56,Tehran,2020/03/13,35.689198,51.388973,2282.0
57,Tehran,2020/03/14,35.689198,51.388973,2629.0
58,Tehran,2020/03/15,35.689198,51.388973,2880.0
59,Tehran,2020/03/16,35.689198,51.388973,3080.0
60,Tehran,2020/03/17,35.689198,51.388973,3353.0
61,Tehran,2020/03/18,35.689198,51.388973,3566.0
62,Tehran,2020/03/19,35.689198,51.388973,3703.0
63,Tehran,2020/03/20,35.689198,51.388973,3923.0
64,Tehran,2020/03/21,35.689198,51.388973,4155.0
65,Tehran,2020/03/22,35.689198,51.388973,4404.0
66,Mazandaran,2020/02/19,36.947979,53.28569,0.0
67,Mazandaran,2020/02/20,36.947979,53.28569,0.0
68,Mazandaran,2020/02/21,36.947979,53.28569,0.0
69,Mazandaran,2020/02/22,36.947979,53.28569,0.0
70,Mazandaran,2020/02/23,36.947979,53.28569,1.0
71,Mazandaran,2020/02/24,36.947979,53.28569,1.0
72,Mazandaran,2020/02/25,36.947979,53.28569,3.0
73,Mazandaran,2020/02/26,36.947979,53.28569,4.0
74,Mazandaran,2020/02/27,36.947979,53.28569,11.0
75,Mazandaran,2020/02/28,36.947979,53.28569,20.0
76,Mazandaran,2020/02/29,36.947979,53.28569,32.0
77,Mazandaran,2020/03/01,36.947979,53.28569,43.0
78,Mazandaran,2020/03/02,36.947979,53.28569,43.0
79,Mazandaran,2020/03/03,36.947979,53.28569,43.0
80,Mazandaran,2020/03/04,36.947979,53.28569,52.0
81,Mazandaran,2020/03/05,36.947979,53.28569,102.0
82,Mazandaran,2020/03/06,36.947979,53.28569,282.0
83,Mazandaran,2020/03/07,36.947979,53.28569,587.0
84,Mazandaran,2020/03/08,36.947979,53.28569,601.0
85,Mazandaran,2020/03/09,36.947979,53.28569,614.0
86,Mazandaran,2020/03/10,36.947979,53.28569,867.0
87,Mazandaran,2020/03/11,36.947979,53.28569,899.0
88,Mazandaran,2020/03/12,36.947979,53.28569,978.0
89,Mazandaran,2020/03/13,36.947979,53.28569,1170.0
90,Mazandaran,2020/03/14,36.947979,53.28569,1187.0
91,Mazandaran,2020/03/15,36.947979,53.28569,1259.0
92,Mazandaran,2020/03/16,36.947979,53.28569,1355.0
93,Mazandaran,2020/03/17,36.947979,53.28569,1414.0
94,Mazandaran,2020/03/18,36.947979,53.28569,1475.0
95,Mazandaran,2020/03/19,36.947979,53.28569,1533.0
96,Mazandaran,2020/03/20,36.947979,53.28569,1617.0
97,Mazandaran,2020/03/21,36.947979,53.28569,1645.0
98,Mazandaran,2020/03/22,36.947979,53.28569,1681.0
99,Alborz,2020/02/19,35.876431,-78.749481,0.0
100,Alborz,2020/02/20,35.876431,-78.749481,0.0
101,Alborz,2020/02/21,35.876431,-78.749481,0.0
102,Alborz,2020/02/22,35.876431,-78.749481,0.0
103,Alborz,2020/02/23,35.876431,-78.749481,0.0
104,Alborz,2020/02/24,35.876431,-78.749481,0.0
105,Alborz,2020/02/25,35.876431,-78.749481,2.0
106,Alborz,2020/02/26,35.876431,-78.749481,2.0
107,Alborz,2020/02/27,35.876431,-78.749481,5.0
108,Alborz,2020/02/28,35.876431,-78.749481,8.0
109,Alborz,2020/02/29,35.876431,-78.749481,16.0
110,Alborz,2020/03/01,35.876431,-78.749481,47.0
111,Alborz,2020/03/02,35.876431,-78.749481,47.0
112,Alborz,2020/03/03,35.876431,-78.749481,47.0
113,Alborz,2020/03/04,35.876431,-78.749481,66.0
114,Alborz,2020/03/05,35.876431,-78.749481,127.0
115,Alborz,2020/03/06,35.876431,-78.749481,256.0
116,Alborz,2020/03/07,35.876431,-78.749481,259.0
117,Alborz,2020/03/08,35.876431,-78.749481,261.0
118,Alborz,2020/03/09,35.876431,-78.749481,261.0
119,Alborz,2020/03/10,35.876431,-78.749481,293.0
120,Alborz,2020/03/11,35.876431,-78.749481,338.0
121,Alborz,2020/03/12,35.876431,-78.749481,412.0
122,Alborz,2020/03/13,35.876431,-78.749481,418.0
123,Alborz,2020/03/14,35.876431,-78.749481,552.0
124,Alborz,2020/03/15,35.876431,-78.749481,619.0
125,Alborz,2020/03/16,35.876431,-78.749481,668.0
126,Alborz,2020/03/17,35.876431,-78.749481,784.0
127,Alborz,2020/03/18,35.876431,-78.749481,860.0
128,Alborz,2020/03/19,35.876431,-78.749481,921.0
129,Alborz,2020/03/20,35.876431,-78.749481,1016.0
130,Alborz,2020/03/21,35.876431,-78.749481,1071.0
131,Alborz,2020/03/22,35.876431,-78.749481,1131.0
132,Semnan,2020/02/19,35.57835,53.387699,0.0
133,Semnan,2020/02/20,35.57835,53.387699,0.0
134,Semnan,2020/02/21,35.57835,53.387699,0.0
135,Semnan,2020/02/22,35.57835,53.387699,0.0
136,Semnan,2020/02/23,35.57835,53.387699,0.0
137,Semnan,2020/02/24,35.57835,53.387699,0.0
138,Semnan,2020/02/25,35.57835,53.387699,0.0
139,Semnan,2020/02/26,35.57835,53.387699,1.0
140,Semnan,2020/02/27,35.57835,53.387699,4.0
141,Semnan,2020/02/28,35.57835,53.387699,6.0
142,Semnan,2020/02/29,35.57835,53.387699,10.0
143,Semnan,2020/03/01,35.57835,53.387699,13.0
144,Semnan,2020/03/02,35.57835,53.387699,13.0
145,Semnan,2020/03/03,35.57835,53.387699,13.0
146,Semnan,2020/03/04,35.57835,53.387699,21.0
147,Semnan,2020/03/05,35.57835,53.387699,43.0
148,Semnan,2020/03/06,35.57835,53.387699,97.0
149,Semnan,2020/03/07,35.57835,53.387699,121.0
150,Semnan,2020/03/08,35.57835,53.387699,158.0
151,Semnan,2020/03/09,35.57835,53.387699,203.0
152,Semnan,2020/03/10,35.57835,53.387699,204.0
153,Semnan,2020/03/11,35.57835,53.387699,267.0
154,Semnan,2020/03/12,35.57835,53.387699,307.0
155,Semnan,2020/03/13,35.57835,53.387699,345.0
156,Semnan,2020/03/14,35.57835,53.387699,392.0
157,Semnan,2020/03/15,35.57835,53.387699,433.0
158,Semnan,2020/03/16,35.57835,53.387699,467.0
159,Semnan,2020/03/17,35.57835,53.387699,500.0
160,Semnan,2020/03/18,35.57835,53.387699,560.0
161,Semnan,2020/03/19,35.57835,53.387699,576.0
162,Semnan,2020/03/20,35.57835,53.387699,628.0
163,Semnan,2020/03/21,35.57835,53.387699,628.0
164,Semnan,2020/03/22,35.57835,53.387699,628.0
165,Golestan,2020/02/19,36.8392776,54.4320858,0.0
166,Golestan,2020/02/20,36.8392776,54.4320858,0.0
167,Golestan,2020/02/21,36.8392776,54.4320858,0.0
168,Golestan,2020/02/22,36.8392776,54.4320858,0.0
169,Golestan,2020/02/23,36.8392776,54.4320858,0.0
170,Golestan,2020/02/24,36.8392776,54.4320858,0.0
171,Golestan,2020/02/25,36.8392776,54.4320858,0.0
172,Golestan,2020/02/26,36.8392776,54.4320858,0.0
173,Golestan,2020/02/27,36.8392776,54.4320858,0.0
174,Golestan,2020/02/28,36.8392776,54.4320858,2.0
175,Golestan,2020/02/29,36.8392776,54.4320858,24.0
176,Golestan,2020/03/01,36.8392776,54.4320858,24.0
177,Golestan,2020/03/02,36.8392776,54.4320858,24.0
178,Golestan,2020/03/03,36.8392776,54.4320858,24.0
179,Golestan,2020/03/04,36.8392776,54.4320858,33.0
180,Golestan,2020/03/05,36.8392776,54.4320858,37.0
181,Golestan,2020/03/06,36.8392776,54.4320858,104.0
182,Golestan,2020/03/07,36.8392776,54.4320858,162.0
183,Golestan,2020/03/08,36.8392776,54.4320858,175.0
184,Golestan,2020/03/09,36.8392776,54.4320858,175.0
185,Golestan,2020/03/10,36.8392776,54.4320858,179.0
186,Golestan,2020/03/11,36.8392776,54.4320858,188.0
187,Golestan,2020/03/12,36.8392776,54.4320858,213.0
188,Golestan,2020/03/13,36.8392776,54.4320858,234.0
189,Golestan,2020/03/14,36.8392776,54.4320858,234.0
190,Golestan,2020/03/15,36.8392776,54.4320858,259.0
191,Golestan,2020/03/16,36.8392776,54.4320858,301.0
192,Golestan,2020/03/17,36.8392776,54.4320858,331.0
193,Golestan,2020/03/18,36.8392776,54.4320858,351.0
194,Golestan,2020/03/19,36.8392776,54.4320858,360.0
195,Golestan,2020/03/20,36.8392776,54.4320858,375.0
196,Golestan,2020/03/21,36.8392776,54.4320858,381.0
197,Golestan,2020/03/22,36.8392776,54.4320858,391.0
198,Qazvin,2020/02/19,36.2804074,50.006663,0.0
199,Qazvin,2020/02/20,36.2804074,50.006663,0.0
200,Qazvin,2020/02/21,36.2804074,50.006663,0.0
201,Qazvin,2020/02/22,36.2804074,50.006663,0.0
202,Qazvin,2020/02/23,36.2804074,50.006663,0.0
203,Qazvin,2020/02/24,36.2804074,50.006663,0.0
204,Qazvin,2020/02/25,36.2804074,50.006663,0.0
205,Qazvin,2020/02/26,36.2804074,50.006663,0.0
206,Qazvin,2020/02/27,36.2804074,50.006663,0.0
207,Qazvin,2020/02/28,36.2804074,50.006663,2.0
208,Qazvin,2020/02/29,36.2804074,50.006663,8.0
209,Qazvin,2020/03/01,36.2804074,50.006663,8.0
210,Qazvin,2020/03/02,36.2804074,50.006663,8.0
211,Qazvin,2020/03/03,36.2804074,50.006663,8.0
212,Qazvin,2020/03/04,36.2804074,50.006663,33.0
213,Qazvin,2020/03/05,36.2804074,50.006663,64.0
214,Qazvin,2020/03/06,36.2804074,50.006663,129.0
215,Qazvin,2020/03/07,36.2804074,50.006663,131.0
216,Qazvin,2020/03/08,36.2804074,50.006663,160.0
217,Qazvin,2020/03/09,36.2804074,50.006663,200.0
218,Qazvin,2020/03/10,36.2804074,50.006663,210.0
219,Qazvin,2020/03/11,36.2804074,50.006663,237.0
220,Qazvin,2020/03/12,36.2804074,50.006663,279.0
221,Qazvin,2020/03/13,36.2804074,50.006663,291.0
222,Qazvin,2020/03/14,36.2804074,50.006663,338.0
223,Qazvin,2020/03/15,36.2804074,50.006663,360.0
224,Qazvin,2020/03/16,36.2804074,50.006663,400.0
225,Qazvin,2020/03/17,36.2804074,50.006663,426.0
226,Qazvin,2020/03/18,36.2804074,50.006663,479.0
227,Qazvin,2020/03/19,36.2804074,50.006663,526.0
228,Qazvin,2020/03/20,36.2804074,50.006663,534.0
229,Qazvin,2020/03/21,36.2804074,50.006663,593.0
230,Qazvin,2020/03/22,36.2804074,50.006663,622.0
231,Esfahan,2020/02/19,32.6707877,51.6650002,0.0
232,Esfahan,2020/02/20,32.6707877,51.6650002,0.0
233,Esfahan,2020/02/21,32.6707877,51.6650002,0.0
234,Esfahan,2020/02/22,32.6707877,51.6650002,0.0
235,Esfahan,2020/02/23,32.6707877,51.6650002,0.0
236,Esfahan,2020/02/24,32.6707877,51.6650002,2.0
237,Esfahan,2020/02/25,32.6707877,51.6650002,2.0
238,Esfahan,2020/02/26,32.6707877,51.6650002,2.0
239,Esfahan,2020/02/27,32.6707877,51.6650002,10.0
240,Esfahan,2020/02/28,32.6707877,51.6650002,20.0
241,Esfahan,2020/02/29,32.6707877,51.6650002,32.0
242,Esfahan,2020/03/01,32.6707877,51.6650002,45.0
243,Esfahan,2020/03/02,32.6707877,51.6650002,45.0
244,Esfahan,2020/03/03,32.6707877,51.6650002,45.0
245,Esfahan,2020/03/04,32.6707877,51.6650002,45.0
246,Esfahan,2020/03/05,32.6707877,51.6650002,163.0
247,Esfahan,2020/03/06,32.6707877,51.6650002,313.0
248,Esfahan,2020/03/07,32.6707877,51.6650002,409.0
249,Esfahan,2020/03/08,32.6707877,51.6650002,489.0
250,Esfahan,2020/03/09,32.6707877,51.6650002,526.0
251,Esfahan,2020/03/10,32.6707877,51.6650002,543.0
252,Esfahan,2020/03/11,32.6707877,51.6650002,713.0
253,Esfahan,2020/03/12,32.6707877,51.6650002,717.0
254,Esfahan,2020/03/13,32.6707877,51.6650002,827.0
255,Esfahan,2020/03/14,32.6707877,51.6650002,982.0
256,Esfahan,2020/03/15,32.6707877,51.6650002,1108.0
257,Esfahan,2020/03/16,32.6707877,51.6650002,1226.0
258,Esfahan,2020/03/17,32.6707877,51.6650002,1301.0
259,Esfahan,2020/03/18,32.6707877,51.6650002,1463.0
260,Esfahan,2020/03/19,32.6707877,51.6650002,1571.0
261,Esfahan,2020/03/20,32.6707877,51.6650002,1716.0
262,Esfahan,2020/03/21,32.6707877,51.6650002,1817.0
263,Esfahan,2020/03/22,32.6707877,51.6650002,1904.0
264,Fars,2020/02/19,29.299051,53.218456,0.0
265,Fars,2020/02/20,29.299051,53.218456,0.0
266,Fars,2020/02/21,29.299051,53.218456,0.0
267,Fars,2020/02/22,29.299051,53.218456,0.0
268,Fars,2020/02/23,29.299051,53.218456,0.0
269,Fars,2020/02/24,29.299051,53.218456,0.0
270,Fars,2020/02/25,29.299051,53.218456,1.0
271,Fars,2020/02/26,29.299051,53.218456,3.0
272,Fars,2020/02/27,29.299051,53.218456,3.0
273,Fars,2020/02/28,29.299051,53.218456,3.0
274,Fars,2020/02/29,29.299051,53.218456,11.0
275,Fars,2020/03/01,29.299051,53.218456,19.0
276,Fars,2020/03/02,29.299051,53.218456,19.0
277,Fars,2020/03/03,29.299051,53.218456,19.0
278,Fars,2020/03/04,29.299051,53.218456,33.0
279,Fars,2020/03/05,29.299051,53.218456,52.0
280,Fars,2020/03/06,29.299051,53.218456,65.0
281,Fars,2020/03/07,29.299051,53.218456,79.0
282,Fars,2020/03/08,29.299051,53.218456,88.0
283,Fars,2020/03/09,29.299051,53.218456,117.0
284,Fars,2020/03/10,29.299051,53.218456,135.0
285,Fars,2020/03/11,29.299051,53.218456,154.0
286,Fars,2020/03/12,29.299051,53.218456,183.0
287,Fars,2020/03/13,29.299051,53.218456,216.0
288,Fars,2020/03/14,29.299051,53.218456,227.0
289,Fars,2020/03/15,29.299051,53.218456,236.0
290,Fars,2020/03/16,29.299051,53.218456,279.0
291,Fars,2020/03/17,29.299051,53.218456,310.0
292,Fars,2020/03/18,29.299051,53.218456,370.0
293,Fars,2020/03/19,29.299051,53.218456,391.0
294,Fars,2020/03/20,29.299051,53.218456,441.0
295,Fars,2020/03/21,29.299051,53.218456,463.0
296,Fars,2020/03/22,29.299051,53.218456,489.0
297,Hormozgan,2020/02/19,27.7198095,56.335807,0.0
298,Hormozgan,2020/02/20,27.7198095,56.335807,0.0
299,Hormozgan,2020/02/21,27.7198095,56.335807,0.0
300,Hormozgan,2020/02/22,27.7198095,56.335807,0.0
301,Hormozgan,2020/02/23,27.7198095,56.335807,0.0
302,Hormozgan,2020/02/24,27.7198095,56.335807,0.0
303,Hormozgan,2020/02/25,27.7198095,56.335807,1.0
304,Hormozgan,2020/02/26,27.7198095,56.335807,2.0
305,Hormozgan,2020/02/27,27.7198095,56.335807,2.0
306,Hormozgan,2020/02/28,27.7198095,56.335807,2.0
307,Hormozgan,2020/02/29,27.7198095,56.335807,2.0
308,Hormozgan,2020/03/01,27.7198095,56.335807,4.0
309,Hormozgan,2020/03/02,27.7198095,56.335807,4.0
310,Hormozgan,2020/03/03,27.7198095,56.335807,4.0
311,Hormozgan,2020/03/04,27.7198095,56.335807,4.0
312,Hormozgan,2020/03/05,27.7198095,56.335807,6.0
313,Hormozgan,2020/03/06,27.7198095,56.335807,12.0
314,Hormozgan,2020/03/07,27.7198095,56.335807,23.0
315,Hormozgan,2020/03/08,27.7198095,56.335807,28.0
316,Hormozgan,2020/03/09,27.7198095,56.335807,45.0
317,Hormozgan,2020/03/10,27.7198095,56.335807,62.0
318,Hormozgan,2020/03/11,27.7198095,56.335807,72.0
319,Hormozgan,2020/03/12,27.7198095,56.335807,72.0
320,Hormozgan,2020/03/13,27.7198095,56.335807,76.0
321,Hormozgan,2020/03/14,27.7198095,56.335807,76.0
322,Hormozgan,2020/03/15,27.7198095,56.335807,83.0
323,Hormozgan,2020/03/16,27.7198095,56.335807,99.0
324,Hormozgan,2020/03/17,27.7198095,56.335807,105.0
325,Hormozgan,2020/03/18,27.7198095,56.335807,117.0
326,Hormozgan,2020/03/19,27.7198095,56.335807,122.0
327,Hormozgan,2020/03/20,27.7198095,56.335807,139.0
328,Hormozgan,2020/03/21,27.7198095,56.335807,139.0
329,Hormozgan,2020/03/22,27.7198095,56.335807,141.0
330,Kohgiluyeh and Buyer Ahmad,2020/02/19,30.655874150000002,51.59954229916475,0.0
331,Kohgiluyeh and Buyer Ahmad,2020/02/20,30.655874150000002,51.59954229916475,0.0
332,Kohgiluyeh and Buyer Ahmad,2020/02/21,30.655874150000002,51.59954229916475,0.0
333,Kohgiluyeh and Buyer Ahmad,2020/02/22,30.655874150000002,51.59954229916475,0.0
334,Kohgiluyeh and Buyer Ahmad,2020/02/23,30.655874150000002,51.59954229916475,0.0
335,Kohgiluyeh and Buyer Ahmad,2020/02/24,30.655874150000002,51.59954229916475,0.0
336,Kohgiluyeh and Buyer Ahmad,2020/02/25,30.655874150000002,51.59954229916475,0.0
337,Kohgiluyeh and Buyer Ahmad,2020/02/26,30.655874150000002,51.59954229916475,2.0
338,Kohgiluyeh and Buyer Ahmad,2020/02/27,30.655874150000002,51.59954229916475,2.0
339,Kohgiluyeh and Buyer Ahmad,2020/02/28,30.655874150000002,51.59954229916475,2.0
340,Kohgiluyeh and Buyer Ahmad,2020/02/29,30.655874150000002,51.59954229916475,2.0
341,Kohgiluyeh and Buyer Ahmad,2020/03/01,30.655874150000002,51.59954229916475,2.0
342,Kohgiluyeh and Buyer Ahmad,2020/03/02,30.655874150000002,51.59954229916475,2.0
343,Kohgiluyeh and Buyer Ahmad,2020/03/03,30.655874150000002,51.59954229916475,2.0
344,Kohgiluyeh and Buyer Ahmad,2020/03/04,30.655874150000002,51.59954229916475,2.0
345,Kohgiluyeh and Buyer Ahmad,2020/03/05,30.655874150000002,51.59954229916475,2.0
346,Kohgiluyeh and Buyer Ahmad,2020/03/06,30.655874150000002,51.59954229916475,6.0
347,Kohgiluyeh and Buyer Ahmad,2020/03/07,30.655874150000002,51.59954229916475,6.0
348,Kohgiluyeh and Buyer Ahmad,2020/03/08,30.655874150000002,51.59954229916475,9.0
349,Kohgiluyeh and Buyer Ahmad,2020/03/09,30.655874150000002,51.59954229916475,9.0
350,Kohgiluyeh and Buyer Ahmad,2020/03/10,30.655874150000002,51.59954229916475,11.0
351,Kohgiluyeh and Buyer Ahmad,2020/03/11,30.655874150000002,51.59954229916475,11.0
352,Kohgiluyeh and Buyer Ahmad,2020/03/12,30.655874150000002,51.59954229916475,26.0
353,Kohgiluyeh and Buyer Ahmad,2020/03/13,30.655874150000002,51.59954229916475,26.0
354,Kohgiluyeh and Buyer Ahmad,2020/03/14,30.655874150000002,51.59954229916475,26.0
355,Kohgiluyeh and Buyer Ahmad,2020/03/15,30.655874150000002,51.59954229916475,27.0
356,Kohgiluyeh and Buyer Ahmad,2020/03/16,30.655874150000002,51.59954229916475,32.0
357,Kohgiluyeh and Buyer Ahmad,2020/03/17,30.655874150000002,51.59954229916475,32.0
358,Kohgiluyeh and Buyer Ahmad,2020/03/18,30.655874150000002,51.59954229916475,45.0
359,Kohgiluyeh and Buyer Ahmad,2020/03/19,30.655874150000002,51.59954229916475,60.0
360,Kohgiluyeh and Buyer Ahmad,2020/03/20,30.655874150000002,51.59954229916475,61.0
361,Kohgiluyeh and Buyer Ahmad,2020/03/21,30.655874150000002,51.59954229916475,73.0
362,Kohgiluyeh and Buyer Ahmad,2020/03/22,30.655874150000002,51.59954229916475,73.0
363,Chahar Mahall and Bakhtiari,2020/02/19,32.0163307,50.685709,0.0
364,Chahar Mahall and Bakhtiari,2020/02/20,32.0163307,50.685709,0.0
365,Chahar Mahall and Bakhtiari,2020/02/21,32.0163307,50.685709,0.0
366,Chahar Mahall and Bakhtiari,2020/02/22,32.0163307,50.685709,0.0
367,Chahar Mahall and Bakhtiari,2020/02/23,32.0163307,50.685709,0.0
368,Chahar Mahall and Bakhtiari,2020/02/24,32.0163307,50.685709,0.0
369,Chahar Mahall and Bakhtiari,2020/02/25,32.0163307,50.685709,0.0
370,Chahar Mahall and Bakhtiari,2020/02/26,32.0163307,50.685709,0.0
371,Chahar Mahall and Bakhtiari,2020/02/27,32.0163307,50.685709,0.0
372,Chahar Mahall and Bakhtiari,2020/02/28,32.0163307,50.685709,0.0
373,Chahar Mahall and Bakhtiari,2020/02/29,32.0163307,50.685709,0.0
374,Chahar Mahall and Bakhtiari,2020/03/01,32.0163307,50.685709,0.0
375,Chahar Mahall and Bakhtiari,2020/03/02,32.0163307,50.685709,0.0
376,Chahar Mahall and Bakhtiari,2020/03/03,32.0163307,50.685709,0.0
377,Chahar Mahall and Bakhtiari,2020/03/04,32.0163307,50.685709,1.0
378,Chahar Mahall and Bakhtiari,2020/03/05,32.0163307,50.685709,9.0
379,Chahar Mahall and Bakhtiari,2020/03/06,32.0163307,50.685709,14.0
380,Chahar Mahall and Bakhtiari,2020/03/07,32.0163307,50.685709,16.0
381,Chahar Mahall and Bakhtiari,2020/03/08,32.0163307,50.685709,21.0
382,Chahar Mahall and Bakhtiari,2020/03/09,32.0163307,50.685709,26.0
383,Chahar Mahall and Bakhtiari,2020/03/10,32.0163307,50.685709,37.0
384,Chahar Mahall and Bakhtiari,2020/03/11,32.0163307,50.685709,38.0
385,Chahar Mahall and Bakhtiari,2020/03/12,32.0163307,50.685709,49.0
386,Chahar Mahall and Bakhtiari,2020/03/13,32.0163307,50.685709,49.0
387,Chahar Mahall and Bakhtiari,2020/03/14,32.0163307,50.685709,49.0
388,Chahar Mahall and Bakhtiari,2020/03/15,32.0163307,50.685709,49.0
389,Chahar Mahall and Bakhtiari,2020/03/16,32.0163307,50.685709,52.0
390,Chahar Mahall and Bakhtiari,2020/03/17,32.0163307,50.685709,54.0
391,Chahar Mahall and Bakhtiari,2020/03/18,32.0163307,50.685709,58.0
392,Chahar Mahall and Bakhtiari,2020/03/19,32.0163307,50.685709,61.0
393,Chahar Mahall and Bakhtiari,2020/03/20,32.0163307,50.685709,64.0
394,Chahar Mahall and Bakhtiari,2020/03/21,32.0163307,50.685709,66.0
395,Chahar Mahall and Bakhtiari,2020/03/22,32.0163307,50.685709,68.0
396,Bushehr,2020/02/19,28.9310786,50.8458443,0.0
397,Bushehr,2020/02/20,28.9310786,50.8458443,0.0
398,Bushehr,2020/02/21,28.9310786,50.8458443,0.0
399,Bushehr,2020/02/22,28.9310786,50.8458443,0.0
400,Bushehr,2020/02/23,28.9310786,50.8458443,0.0
401,Bushehr,2020/02/24,28.9310786,50.8458443,0.0
402,Bushehr,2020/02/25,28.9310786,50.8458443,0.0
403,Bushehr,2020/02/26,28.9310786,50.8458443,0.0
404,Bushehr,2020/02/27,28.9310786,50.8458443,0.0
405,Bushehr,2020/02/28,28.9310786,50.8458443,0.0
406,Bushehr,2020/02/29,28.9310786,50.8458443,0.0
407,Bushehr,2020/03/01,28.9310786,50.8458443,0.0
408,Bushehr,2020/03/02,28.9310786,50.8458443,0.0
409,Bushehr,2020/03/03,28.9310786,50.8458443,0.0
410,Bushehr,2020/03/04,28.9310786,50.8458443,0.0
411,Bushehr,2020/03/05,28.9310786,50.8458443,3.0
412,Bushehr,2020/03/06,28.9310786,50.8458443,5.0
413,Bushehr,2020/03/07,28.9310786,50.8458443,8.0
414,Bushehr,2020/03/08,28.9310786,50.8458443,10.0
415,Bushehr,2020/03/09,28.9310786,50.8458443,11.0
416,Bushehr,2020/03/10,28.9310786,50.8458443,18.0
417,Bushehr,2020/03/11,28.9310786,50.8458443,18.0
418,Bushehr,2020/03/12,28.9310786,50.8458443,21.0
419,Bushehr,2020/03/13,28.9310786,50.8458443,21.0
420,Bushehr,2020/03/14,28.9310786,50.8458443,28.0
421,Bushehr,2020/03/15,28.9310786,50.8458443,34.0
422,Bushehr,2020/03/16,28.9310786,50.8458443,38.0
423,Bushehr,2020/03/17,28.9310786,50.8458443,42.0
424,Bushehr,2020/03/18,28.9310786,50.8458443,46.0
425,Bushehr,2020/03/19,28.9310786,50.8458443,54.0
426,Bushehr,2020/03/20,28.9310786,50.8458443,55.0
427,Bushehr,2020/03/21,28.9310786,50.8458443,55.0
428,Bushehr,2020/03/22,28.9310786,50.8458443,55.0
429,Gilan,2020/02/19,37.5115476,49.355442984970665,0.0
430,Gilan,2020/02/20,37.5115476,49.355442984970665,0.0
431,Gilan,2020/02/21,37.5115476,49.355442984970665,2.0
432,Gilan,2020/02/22,37.5115476,49.355442984970665,2.0
433,Gilan,2020/02/23,37.5115476,49.355442984970665,4.0
434,Gilan,2020/02/24,37.5115476,49.355442984970665,6.0
435,Gilan,2020/02/25,37.5115476,49.355442984970665,8.0
436,Gilan,2020/02/26,37.5115476,49.355442984970665,9.0
437,Gilan,2020/02/27,37.5115476,49.355442984970665,32.0
438,Gilan,2020/02/28,37.5115476,49.355442984970665,57.0
439,Gilan,2020/02/29,37.5115476,49.355442984970665,74.0
440,Gilan,2020/03/01,37.5115476,49.355442984970665,102.0
441,Gilan,2020/03/02,37.5115476,49.355442984970665,102.0
442,Gilan,2020/03/03,37.5115476,49.355442984970665,102.0
443,Gilan,2020/03/04,37.5115476,49.355442984970665,137.0
444,Gilan,2020/03/05,37.5115476,49.355442984970665,217.0
445,Gilan,2020/03/06,37.5115476,49.355442984970665,308.0
446,Gilan,2020/03/07,37.5115476,49.355442984970665,378.0
447,Gilan,2020/03/08,37.5115476,49.355442984970665,380.0
448,Gilan,2020/03/09,37.5115476,49.355442984970665,408.0
449,Gilan,2020/03/10,37.5115476,49.355442984970665,408.0
450,Gilan,2020/03/11,37.5115476,49.355442984970665,413.0
451,Gilan,2020/03/12,37.5115476,49.355442984970665,497.0
452,Gilan,2020/03/13,37.5115476,49.355442984970665,568.0
453,Gilan,2020/03/14,37.5115476,49.355442984970665,681.0
454,Gilan,2020/03/15,37.5115476,49.355442984970665,724.0
455,Gilan,2020/03/16,37.5115476,49.355442984970665,742.0
456,Gilan,2020/03/17,37.5115476,49.355442984970665,787.0
457,Gilan,2020/03/18,37.5115476,49.355442984970665,808.0
458,Gilan,2020/03/19,37.5115476,49.355442984970665,881.0
459,Gilan,2020/03/20,37.5115476,49.355442984970665,980.0
460,Gilan,2020/03/21,37.5115476,49.355442984970665,1037.0
461,Gilan,2020/03/22,37.5115476,49.355442984970665,1075.0
462,Ardebil,2020/02/19,38.286843000000005,48.14670296064578,0.0
463,Ardebil,2020/02/20,38.286843000000005,48.14670296064578,0.0
464,Ardebil,2020/02/21,38.286843000000005,48.14670296064578,0.0
465,Ardebil,2020/02/22,38.286843000000005,48.14670296064578,0.0
466,Ardebil,2020/02/23,38.286843000000005,48.14670296064578,0.0
467,Ardebil,2020/02/24,38.286843000000005,48.14670296064578,0.0
468,Ardebil,2020/02/25,38.286843000000005,48.14670296064578,0.0
469,Ardebil,2020/02/26,38.286843000000005,48.14670296064578,0.0
470,Ardebil,2020/02/27,38.286843000000005,48.14670296064578,5.0
471,Ardebil,2020/02/28,38.286843000000005,48.14670296064578,6.0
472,Ardebil,2020/02/29,38.286843000000005,48.14670296064578,9.0
473,Ardebil,2020/03/01,38.286843000000005,48.14670296064578,9.0
474,Ardebil,2020/03/02,38.286843000000005,48.14670296064578,9.0
475,Ardebil,2020/03/03,38.286843000000005,48.14670296064578,9.0
476,Ardebil,2020/03/04,38.286843000000005,48.14670296064578,9.0
477,Ardebil,2020/03/05,38.286843000000005,48.14670296064578,26.0
478,Ardebil,2020/03/06,38.286843000000005,48.14670296064578,37.0
479,Ardebil,2020/03/07,38.286843000000005,48.14670296064578,38.0
480,Ardebil,2020/03/08,38.286843000000005,48.14670296064578,47.0
481,Ardebil,2020/03/09,38.286843000000005,48.14670296064578,69.0
482,Ardebil,2020/03/10,38.286843000000005,48.14670296064578,88.0
483,Ardebil,2020/03/11,38.286843000000005,48.14670296064578,89.0
484,Ardebil,2020/03/12,38.286843000000005,48.14670296064578,103.0
485,Ardebil,2020/03/13,38.286843000000005,48.14670296064578,118.0
486,Ardebil,2020/03/14,38.286843000000005,48.14670296064578,151.0
487,Ardebil,2020/03/15,38.286843000000005,48.14670296064578,151.0
488,Ardebil,2020/03/16,38.286843000000005,48.14670296064578,181.0
489,Ardebil,2020/03/17,38.286843000000005,48.14670296064578,200.0
490,Ardebil,2020/03/18,38.286843000000005,48.14670296064578,210.0
491,Ardebil,2020/03/19,38.286843000000005,48.14670296064578,226.0
492,Ardebil,2020/03/20,38.286843000000005,48.14670296064578,261.0
493,Ardebil,2020/03/21,38.286843000000005,48.14670296064578,267.0
494,Ardebil,2020/03/22,38.286843000000005,48.14670296064578,286.0
495,East Azarbaijan,2020/02/19,38.0544265,46.34480692830047,0.0
496,East Azarbaijan,2020/02/20,38.0544265,46.34480692830047,0.0
497,East Azarbaijan,2020/02/21,38.0544265,46.34480692830047,0.0
498,East Azarbaijan,2020/02/22,38.0544265,46.34480692830047,0.0
499,East Azarbaijan,2020/02/23,38.0544265,46.34480692830047,0.0
500,East Azarbaijan,2020/02/24,38.0544265,46.34480692830047,0.0
501,East Azarbaijan,2020/02/25,38.0544265,46.34480692830047,0.0
502,East Azarbaijan,2020/02/26,38.0544265,46.34480692830047,0.0
503,East Azarbaijan,2020/02/27,38.0544265,46.34480692830047,2.0
504,East Azarbaijan,2020/02/28,38.0544265,46.34480692830047,6.0
505,East Azarbaijan,2020/02/29,38.0544265,46.34480692830047,12.0
506,East Azarbaijan,2020/03/01,38.0544265,46.34480692830047,12.0
507,East Azarbaijan,2020/03/02,38.0544265,46.34480692830047,12.0
508,East Azarbaijan,2020/03/03,38.0544265,46.34480692830047,12.0
509,East Azarbaijan,2020/03/04,38.0544265,46.34480692830047,21.0
510,East Azarbaijan,2020/03/05,38.0544265,46.34480692830047,31.0
511,East Azarbaijan,2020/03/06,38.0544265,46.34480692830047,41.0
512,East Azarbaijan,2020/03/07,38.0544265,46.34480692830047,43.0
513,East Azarbaijan,2020/03/08,38.0544265,46.34480692830047,73.0
514,East Azarbaijan,2020/03/09,38.0544265,46.34480692830047,95.0
515,East Azarbaijan,2020/03/10,38.0544265,46.34480692830047,112.0
516,East Azarbaijan,2020/03/11,38.0544265,46.34480692830047,141.0
517,East Azarbaijan,2020/03/12,38.0544265,46.34480692830047,148.0
518,East Azarbaijan,2020/03/13,38.0544265,46.34480692830047,245.0
519,East Azarbaijan,2020/03/14,38.0544265,46.34480692830047,304.0
520,East Azarbaijan,2020/03/15,38.0544265,46.34480692830047,340.0
521,East Azarbaijan,2020/03/16,38.0544265,46.34480692830047,375.0
522,East Azarbaijan,2020/03/17,38.0544265,46.34480692830047,453.0
523,East Azarbaijan,2020/03/18,38.0544265,46.34480692830047,537.0
524,East Azarbaijan,2020/03/19,38.0544265,46.34480692830047,595.0
525,East Azarbaijan,2020/03/20,38.0544265,46.34480692830047,650.0
526,East Azarbaijan,2020/03/21,38.0544265,46.34480692830047,722.0
527,East Azarbaijan,2020/03/22,38.0544265,46.34480692830047,779.0
528,West Azarbaijan,2020/02/19,37.7416484,45.0207638,0.0
529,West Azarbaijan,2020/02/20,37.7416484,45.0207638,0.0
530,West Azarbaijan,2020/02/21,37.7416484,45.0207638,0.0
531,West Azarbaijan,2020/02/22,37.7416484,45.0207638,0.0
532,West Azarbaijan,2020/02/23,37.7416484,45.0207638,0.0
533,West Azarbaijan,2020/02/24,37.7416484,45.0207638,0.0
534,West Azarbaijan,2020/02/25,37.7416484,45.0207638,0.0
535,West Azarbaijan,2020/02/26,37.7416484,45.0207638,0.0
536,West Azarbaijan,2020/02/27,37.7416484,45.0207638,1.0
537,West Azarbaijan,2020/02/28,37.7416484,45.0207638,1.0
538,West Azarbaijan,2020/02/29,37.7416484,45.0207638,1.0
539,West Azarbaijan,2020/03/01,37.7416484,45.0207638,1.0
540,West Azarbaijan,2020/03/02,37.7416484,45.0207638,1.0
541,West Azarbaijan,2020/03/03,37.7416484,45.0207638,1.0
542,West Azarbaijan,2020/03/04,37.7416484,45.0207638,1.0
543,West Azarbaijan,2020/03/05,37.7416484,45.0207638,6.0
544,West Azarbaijan,2020/03/06,37.7416484,45.0207638,7.0
545,West Azarbaijan,2020/03/07,37.7416484,45.0207638,29.0
546,West Azarbaijan,2020/03/08,37.7416484,45.0207638,36.0
547,West Azarbaijan,2020/03/09,37.7416484,45.0207638,65.0
548,West Azarbaijan,2020/03/10,37.7416484,45.0207638,69.0
549,West Azarbaijan,2020/03/11,37.7416484,45.0207638,96.0
550,West Azarbaijan,2020/03/12,37.7416484,45.0207638,115.0
551,West Azarbaijan,2020/03/13,37.7416484,45.0207638,140.0
552,West Azarbaijan,2020/03/14,37.7416484,45.0207638,171.0
553,West Azarbaijan,2020/03/15,37.7416484,45.0207638,189.0
554,West Azarbaijan,2020/03/16,37.7416484,45.0207638,220.0
555,West Azarbaijan,2020/03/17,37.7416484,45.0207638,254.0
556,West Azarbaijan,2020/03/18,37.7416484,45.0207638,296.0
557,West Azarbaijan,2020/03/19,37.7416484,45.0207638,322.0
558,West Azarbaijan,2020/03/20,37.7416484,45.0207638,349.0
559,West Azarbaijan,2020/03/21,37.7416484,45.0207638,363.0
560,West Azarbaijan,2020/03/22,37.7416484,45.0207638,391.0
561,Kordestan,2020/02/19,36.6944588,45.1448828,0.0
562,Kordestan,2020/02/20,36.6944588,45.1448828,0.0
563,Kordestan,2020/02/21,36.6944588,45.1448828,0.0
564,Kordestan,2020/02/22,36.6944588,45.1448828,0.0
565,Kordestan,2020/02/23,36.6944588,45.1448828,0.0
566,Kordestan,2020/02/24,36.6944588,45.1448828,0.0
567,Kordestan,2020/02/25,36.6944588,45.1448828,0.0
568,Kordestan,2020/02/26,36.6944588,45.1448828,0.0
569,Kordestan,2020/02/27,36.6944588,45.1448828,1.0
570,Kordestan,2020/02/28,36.6944588,45.1448828,3.0
571,Kordestan,2020/02/29,36.6944588,45.1448828,8.0
572,Kordestan,2020/03/01,36.6944588,45.1448828,8.0
573,Kordestan,2020/03/02,36.6944588,45.1448828,8.0
574,Kordestan,2020/03/03,36.6944588,45.1448828,8.0
575,Kordestan,2020/03/04,36.6944588,45.1448828,12.0
576,Kordestan,2020/03/05,36.6944588,45.1448828,18.0
577,Kordestan,2020/03/06,36.6944588,45.1448828,42.0
578,Kordestan,2020/03/07,36.6944588,45.1448828,44.0
579,Kordestan,2020/03/08,36.6944588,45.1448828,63.0
580,Kordestan,2020/03/09,36.6944588,45.1448828,66.0
581,Kordestan,2020/03/10,36.6944588,45.1448828,78.0
582,Kordestan,2020/03/11,36.6944588,45.1448828,84.0
583,Kordestan,2020/03/12,36.6944588,45.1448828,93.0
584,Kordestan,2020/03/13,36.6944588,45.1448828,102.0
585,Kordestan,2020/03/14,36.6944588,45.1448828,107.0
586,Kordestan,2020/03/15,36.6944588,45.1448828,134.0
587,Kordestan,2020/03/16,36.6944588,45.1448828,165.0
588,Kordestan,2020/03/17,36.6944588,45.1448828,167.0
589,Kordestan,2020/03/18,36.6944588,45.1448828,189.0
590,Kordestan,2020/03/19,36.6944588,45.1448828,200.0
591,Kordestan,2020/03/20,36.6944588,45.1448828,215.0
592,Kordestan,2020/03/21,36.6944588,45.1448828,222.0
593,Kordestan,2020/03/22,36.6944588,45.1448828,238.0
594,Zanjan,2020/02/19,36.6699809,48.4859398,0.0
595,Zanjan,2020/02/20,36.6699809,48.4859398,0.0
596,Zanjan,2020/02/21,36.6699809,48.4859398,0.0
597,Zanjan,2020/02/22,36.6699809,48.4859398,0.0
598,Zanjan,2020/02/23,36.6699809,48.4859398,0.0
599,Zanjan,2020/02/24,36.6699809,48.4859398,0.0
600,Zanjan,2020/02/25,36.6699809,48.4859398,0.0
601,Zanjan,2020/02/26,36.6699809,48.4859398,0.0
602,Zanjan,2020/02/27,36.6699809,48.4859398,0.0
603,Zanjan,2020/02/28,36.6699809,48.4859398,0.0
604,Zanjan,2020/02/29,36.6699809,48.4859398,0.0
605,Zanjan,2020/03/01,36.6699809,48.4859398,0.0
606,Zanjan,2020/03/02,36.6699809,48.4859398,0.0
607,Zanjan,2020/03/03,36.6699809,48.4859398,0.0
608,Zanjan,2020/03/04,36.6699809,48.4859398,6.0
609,Zanjan,2020/03/05,36.6699809,48.4859398,13.0
610,Zanjan,2020/03/06,36.6699809,48.4859398,48.0
611,Zanjan,2020/03/07,36.6699809,48.4859398,50.0
612,Zanjan,2020/03/08,36.6699809,48.4859398,51.0
613,Zanjan,2020/03/09,36.6699809,48.4859398,66.0
614,Zanjan,2020/03/10,36.6699809,48.4859398,77.0
615,Zanjan,2020/03/11,36.6699809,48.4859398,99.0
616,Zanjan,2020/03/12,36.6699809,48.4859398,116.0
617,Zanjan,2020/03/13,36.6699809,48.4859398,136.0
618,Zanjan,2020/03/14,36.6699809,48.4859398,167.0
619,Zanjan,2020/03/15,36.6699809,48.4859398,199.0
620,Zanjan,2020/03/16,36.6699809,48.4859398,214.0
621,Zanjan,2020/03/17,36.6699809,48.4859398,239.0
622,Zanjan,2020/03/18,36.6699809,48.4859398,259.0
623,Zanjan,2020/03/19,36.6699809,48.4859398,285.0
624,Zanjan,2020/03/20,36.6699809,48.4859398,329.0
625,Zanjan,2020/03/21,36.6699809,48.4859398,364.0
626,Zanjan,2020/03/22,36.6699809,48.4859398,392.0
627,Markazi,2020/02/19,34.5302705,49.7864561,0.0
628,Markazi,2020/02/20,34.5302705,49.7864561,1.0
629,Markazi,2020/02/21,34.5302705,49.7864561,1.0
630,Markazi,2020/02/22,34.5302705,49.7864561,1.0
631,Markazi,2020/02/23,34.5302705,49.7864561,2.0
632,Markazi,2020/02/24,34.5302705,49.7864561,4.0
633,Markazi,2020/02/25,34.5302705,49.7864561,4.0
634,Markazi,2020/02/26,34.5302705,49.7864561,5.0
635,Markazi,2020/02/27,34.5302705,49.7864561,5.0
636,Markazi,2020/02/28,34.5302705,49.7864561,5.0
637,Markazi,2020/02/29,34.5302705,49.7864561,23.0
638,Markazi,2020/03/01,34.5302705,49.7864561,67.0
639,Markazi,2020/03/02,34.5302705,49.7864561,67.0
640,Markazi,2020/03/03,34.5302705,49.7864561,67.0
641,Markazi,2020/03/04,34.5302705,49.7864561,75.0
642,Markazi,2020/03/05,34.5302705,49.7864561,106.0
643,Markazi,2020/03/06,34.5302705,49.7864561,154.0
644,Markazi,2020/03/07,34.5302705,49.7864561,191.0
645,Markazi,2020/03/08,34.5302705,49.7864561,261.0
646,Markazi,2020/03/09,34.5302705,49.7864561,315.0
647,Markazi,2020/03/10,34.5302705,49.7864561,342.0
648,Markazi,2020/03/11,34.5302705,49.7864561,373.0
649,Markazi,2020/03/12,34.5302705,49.7864561,461.0
650,Markazi,2020/03/13,34.5302705,49.7864561,509.0
651,Markazi,2020/03/14,34.5302705,49.7864561,624.0
652,Markazi,2020/03/15,34.5302705,49.7864561,624.0
653,Markazi,2020/03/16,34.5302705,49.7864561,638.0
654,Markazi,2020/03/17,34.5302705,49.7864561,685.0
655,Markazi,2020/03/18,34.5302705,49.7864561,708.0
656,Markazi,2020/03/19,34.5302705,49.7864561,755.0
657,Markazi,2020/03/20,34.5302705,49.7864561,772.0
658,Markazi,2020/03/21,34.5302705,49.7864561,772.0
659,Markazi,2020/03/22,34.5302705,49.7864561,808.0
660,Hamadan,2020/02/19,34.973321,48.6555779,0.0
661,Hamadan,2020/02/20,34.973321,48.6555779,0.0
662,Hamadan,2020/02/21,34.973321,48.6555779,0.0
663,Hamadan,2020/02/22,34.973321,48.6555779,0.0
664,Hamadan,2020/02/23,34.973321,48.6555779,0.0
665,Hamadan,2020/02/24,34.973321,48.6555779,1.0
666,Hamadan,2020/02/25,34.973321,48.6555779,1.0
667,Hamadan,2020/02/26,34.973321,48.6555779,1.0
668,Hamadan,2020/02/27,34.973321,48.6555779,2.0
669,Hamadan,2020/02/28,34.973321,48.6555779,2.0
670,Hamadan,2020/02/29,34.973321,48.6555779,2.0
671,Hamadan,2020/03/01,34.973321,48.6555779,5.0
672,Hamadan,2020/03/02,34.973321,48.6555779,5.0
673,Hamadan,2020/03/03,34.973321,48.6555779,5.0
674,Hamadan,2020/03/04,34.973321,48.6555779,5.0
675,Hamadan,2020/03/05,34.973321,48.6555779,11.0
676,Hamadan,2020/03/06,34.973321,48.6555779,18.0
677,Hamadan,2020/03/07,34.973321,48.6555779,29.0
678,Hamadan,2020/03/08,34.973321,48.6555779,55.0
679,Hamadan,2020/03/09,34.973321,48.6555779,55.0
680,Hamadan,2020/03/10,34.973321,48.6555779,72.0
681,Hamadan,2020/03/11,34.973321,48.6555779,79.0
682,Hamadan,2020/03/12,34.973321,48.6555779,91.0
683,Hamadan,2020/03/13,34.973321,48.6555779,101.0
684,Hamadan,2020/03/14,34.973321,48.6555779,108.0
685,Hamadan,2020/03/15,34.973321,48.6555779,119.0
686,Hamadan,2020/03/16,34.973321,48.6555779,131.0
687,Hamadan,2020/03/17,34.973321,48.6555779,137.0
688,Hamadan,2020/03/18,34.973321,48.6555779,150.0
689,Hamadan,2020/03/19,34.973321,48.6555779,153.0
690,Hamadan,2020/03/20,34.973321,48.6555779,158.0
691,Hamadan,2020/03/21,34.973321,48.6555779,163.0
692,Hamadan,2020/03/22,34.973321,48.6555779,170.0
693,Khuzestan,2020/02/19,31.5535141,49.0077168,0.0
694,Khuzestan,2020/02/20,31.5535141,49.0077168,0.0
695,Khuzestan,2020/02/21,31.5535141,49.0077168,0.0
696,Khuzestan,2020/02/22,31.5535141,49.0077168,0.0
697,Khuzestan,2020/02/23,31.5535141,49.0077168,0.0
698,Khuzestan,2020/02/24,31.5535141,49.0077168,0.0
699,Khuzestan,2020/02/25,31.5535141,49.0077168,0.0
700,Khuzestan,2020/02/26,31.5535141,49.0077168,3.0
701,Khuzestan,2020/02/27,31.5535141,49.0077168,3.0
702,Khuzestan,2020/02/28,31.5535141,49.0077168,6.0
703,Khuzestan,2020/02/29,31.5535141,49.0077168,10.0
704,Khuzestan,2020/03/01,31.5535141,49.0077168,19.0
705,Khuzestan,2020/03/02,31.5535141,49.0077168,19.0
706,Khuzestan,2020/03/03,31.5535141,49.0077168,19.0
707,Khuzestan,2020/03/04,31.5535141,49.0077168,46.0
708,Khuzestan,2020/03/05,31.5535141,49.0077168,47.0
709,Khuzestan,2020/03/06,31.5535141,49.0077168,47.0
710,Khuzestan,2020/03/07,31.5535141,49.0077168,48.0
711,Khuzestan,2020/03/08,31.5535141,49.0077168,53.0
712,Khuzestan,2020/03/09,31.5535141,49.0077168,57.0
713,Khuzestan,2020/03/10,31.5535141,49.0077168,94.0
714,Khuzestan,2020/03/11,31.5535141,49.0077168,111.0
715,Khuzestan,2020/03/12,31.5535141,49.0077168,142.0
716,Khuzestan,2020/03/13,31.5535141,49.0077168,157.0
717,Khuzestan,2020/03/14,31.5535141,49.0077168,205.0
718,Khuzestan,2020/03/15,31.5535141,49.0077168,237.0
719,Khuzestan,2020/03/16,31.5535141,49.0077168,290.0
720,Khuzestan,2020/03/17,31.5535141,49.0077168,315.0
721,Khuzestan,2020/03/18,31.5535141,49.0077168,343.0
722,Khuzestan,2020/03/19,31.5535141,49.0077168,365.0
723,Khuzestan,2020/03/20,31.5535141,49.0077168,375.0
724,Khuzestan,2020/03/21,31.5535141,49.0077168,406.0
725,Khuzestan,2020/03/22,31.5535141,49.0077168,428.0
726,Kermanshah,2020/02/19,34.3239414,47.0735891,0.0
727,Kermanshah,2020/02/20,34.3239414,47.0735891,0.0
728,Kermanshah,2020/02/21,34.3239414,47.0735891,0.0
729,Kermanshah,2020/02/22,34.3239414,47.0735891,0.0
730,Kermanshah,2020/02/23,34.3239414,47.0735891,0.0
731,Kermanshah,2020/02/24,34.3239414,47.0735891,0.0
732,Kermanshah,2020/02/25,34.3239414,47.0735891,0.0
733,Kermanshah,2020/02/26,34.3239414,47.0735891,1.0
734,Kermanshah,2020/02/27,34.3239414,47.0735891,3.0
735,Kermanshah,2020/02/28,34.3239414,47.0735891,3.0
736,Kermanshah,2020/02/29,34.3239414,47.0735891,3.0
737,Kermanshah,2020/03/01,34.3239414,47.0735891,5.0
738,Kermanshah,2020/03/02,34.3239414,47.0735891,5.0
739,Kermanshah,2020/03/03,34.3239414,47.0735891,5.0
740,Kermanshah,2020/03/04,34.3239414,47.0735891,20.0
741,Kermanshah,2020/03/05,34.3239414,47.0735891,20.0
742,Kermanshah,2020/03/06,34.3239414,47.0735891,25.0
743,Kermanshah,2020/03/07,34.3239414,47.0735891,29.0
744,Kermanshah,2020/03/08,34.3239414,47.0735891,31.0
745,Kermanshah,2020/03/09,34.3239414,47.0735891,42.0
746,Kermanshah,2020/03/10,34.3239414,47.0735891,49.0
747,Kermanshah,2020/03/11,34.3239414,47.0735891,57.0
748,Kermanshah,2020/03/12,34.3239414,47.0735891,77.0
749,Kermanshah,2020/03/13,34.3239414,47.0735891,92.0
750,Kermanshah,2020/03/14,34.3239414,47.0735891,100.0
751,Kermanshah,2020/03/15,34.3239414,47.0735891,113.0
752,Kermanshah,2020/03/16,34.3239414,47.0735891,129.0
753,Kermanshah,2020/03/17,34.3239414,47.0735891,143.0
754,Kermanshah,2020/03/18,34.3239414,47.0735891,150.0
755,Kermanshah,2020/03/19,34.3239414,47.0735891,173.0
756,Kermanshah,2020/03/20,34.3239414,47.0735891,195.0
757,Kermanshah,2020/03/21,34.3239414,47.0735891,222.0
758,Kermanshah,2020/03/22,34.3239414,47.0735891,241.0
759,Lorestan,2020/02/19,33.5372643,48.2435197,0.0
760,Lorestan,2020/02/20,33.5372643,48.2435197,0.0
761,Lorestan,2020/02/21,33.5372643,48.2435197,0.0
762,Lorestan,2020/02/22,33.5372643,48.2435197,0.0
763,Lorestan,2020/02/23,33.5372643,48.2435197,0.0
764,Lorestan,2020/02/24,33.5372643,48.2435197,0.0
765,Lorestan,2020/02/25,33.5372643,48.2435197,0.0
766,Lorestan,2020/02/26,33.5372643,48.2435197,1.0
767,Lorestan,2020/02/27,33.5372643,48.2435197,4.0
768,Lorestan,2020/02/28,33.5372643,48.2435197,4.0
769,Lorestan,2020/02/29,33.5372643,48.2435197,4.0
770,Lorestan,2020/03/01,33.5372643,48.2435197,12.0
771,Lorestan,2020/03/02,33.5372643,48.2435197,12.0
772,Lorestan,2020/03/03,33.5372643,48.2435197,12.0
773,Lorestan,2020/03/04,33.5372643,48.2435197,17.0
774,Lorestan,2020/03/05,33.5372643,48.2435197,28.0
775,Lorestan,2020/03/06,33.5372643,48.2435197,78.0
776,Lorestan,2020/03/07,33.5372643,48.2435197,105.0
777,Lorestan,2020/03/08,33.5372643,48.2435197,142.0
778,Lorestan,2020/03/09,33.5372643,48.2435197,149.0
779,Lorestan,2020/03/10,33.5372643,48.2435197,174.0
780,Lorestan,2020/03/11,33.5372643,48.2435197,183.0
781,Lorestan,2020/03/12,33.5372643,48.2435197,208.0
782,Lorestan,2020/03/13,33.5372643,48.2435197,233.0
783,Lorestan,2020/03/14,33.5372643,48.2435197,235.0
784,Lorestan,2020/03/15,33.5372643,48.2435197,287.0
785,Lorestan,2020/03/16,33.5372643,48.2435197,287.0
786,Lorestan,2020/03/17,33.5372643,48.2435197,322.0
787,Lorestan,2020/03/18,33.5372643,48.2435197,361.0
788,Lorestan,2020/03/19,33.5372643,48.2435197,398.0
789,Lorestan,2020/03/20,33.5372643,48.2435197,407.0
790,Lorestan,2020/03/21,33.5372643,48.2435197,441.0
791,Lorestan,2020/03/22,33.5372643,48.2435197,474.0
792,Ilam,2020/02/19,33.611179,46.06133080641574,0.0
793,Ilam,2020/02/20,33.611179,46.06133080641574,0.0
794,Ilam,2020/02/21,33.611179,46.06133080641574,0.0
795,Ilam,2020/02/22,33.611179,46.06133080641574,0.0
796,Ilam,2020/02/23,33.611179,46.06133080641574,0.0
797,Ilam,2020/02/24,33.611179,46.06133080641574,0.0
798,Ilam,2020/02/25,33.611179,46.06133080641574,0.0
799,Ilam,2020/02/26,33.611179,46.06133080641574,0.0
800,Ilam,2020/02/27,33.611179,46.06133080641574,0.0
801,Ilam,2020/02/28,33.611179,46.06133080641574,0.0
802,Ilam,2020/02/29,33.611179,46.06133080641574,1.0
803,Ilam,2020/03/01,33.611179,46.06133080641574,2.0
804,Ilam,2020/03/02,33.611179,46.06133080641574,2.0
805,Ilam,2020/03/03,33.611179,46.06133080641574,2.0
806,Ilam,2020/03/04,33.611179,46.06133080641574,9.0
807,Ilam,2020/03/05,33.611179,46.06133080641574,9.0
808,Ilam,2020/03/06,33.611179,46.06133080641574,11.0
809,Ilam,2020/03/07,33.611179,46.06133080641574,13.0
810,Ilam,2020/03/08,33.611179,46.06133080641574,13.0
811,Ilam,2020/03/09,33.611179,46.06133080641574,29.0
812,Ilam,2020/03/10,33.611179,46.06133080641574,54.0
813,Ilam,2020/03/11,33.611179,46.06133080641574,60.0
814,Ilam,2020/03/12,33.611179,46.06133080641574,67.0
815,Ilam,2020/03/13,33.611179,46.06133080641574,75.0
816,Ilam,2020/03/14,33.611179,46.06133080641574,81.0
817,Ilam,2020/03/15,33.611179,46.06133080641574,99.0
818,Ilam,2020/03/16,33.611179,46.06133080641574,101.0
819,Ilam,2020/03/17,33.611179,46.06133080641574,108.0
820,Ilam,2020/03/18,33.611179,46.06133080641574,118.0
821,Ilam,2020/03/19,33.611179,46.06133080641574,126.0
822,Ilam,2020/03/20,33.611179,46.06133080641574,146.0
823,Ilam,2020/03/21,33.611179,46.06133080641574,164.0
824,Ilam,2020/03/22,33.611179,46.06133080641574,181.0
825,Razavi Khorasan,2020/02/19,35.756361,59.1280992,0.0
826,Razavi Khorasan,2020/02/20,35.756361,59.1280992,0.0
827,Razavi Khorasan,2020/02/21,35.756361,59.1280992,0.0
828,Razavi Khorasan,2020/02/22,35.756361,59.1280992,0.0
829,Razavi Khorasan,2020/02/23,35.756361,59.1280992,0.0
830,Razavi Khorasan,2020/02/24,35.756361,59.1280992,0.0
831,Razavi Khorasan,2020/02/25,35.756361,59.1280992,1.0
832,Razavi Khorasan,2020/02/26,35.756361,59.1280992,1.0
833,Razavi Khorasan,2020/02/27,35.756361,59.1280992,2.0
834,Razavi Khorasan,2020/02/28,35.756361,59.1280992,2.0
835,Razavi Khorasan,2020/02/29,35.756361,59.1280992,2.0
836,Razavi Khorasan,2020/03/01,35.756361,59.1280992,19.0
837,Razavi Khorasan,2020/03/02,35.756361,59.1280992,19.0
838,Razavi Khorasan,2020/03/03,35.756361,59.1280992,19.0
839,Razavi Khorasan,2020/03/04,35.756361,59.1280992,27.0
840,Razavi Khorasan,2020/03/05,35.756361,59.1280992,80.0
841,Razavi Khorasan,2020/03/06,35.756361,59.1280992,80.0
842,Razavi Khorasan,2020/03/07,35.756361,59.1280992,126.0
843,Razavi Khorasan,2020/03/08,35.756361,59.1280992,145.0
844,Razavi Khorasan,2020/03/09,35.756361,59.1280992,174.0
845,Razavi Khorasan,2020/03/10,35.756361,59.1280992,213.0
846,Razavi Khorasan,2020/03/11,35.756361,59.1280992,247.0
847,Razavi Khorasan,2020/03/12,35.756361,59.1280992,276.0
848,Razavi Khorasan,2020/03/13,35.756361,59.1280992,386.0
849,Razavi Khorasan,2020/03/14,35.756361,59.1280992,416.0
850,Razavi Khorasan,2020/03/15,35.756361,59.1280992,559.0
851,Razavi Khorasan,2020/03/16,35.756361,59.1280992,559.0
852,Razavi Khorasan,2020/03/17,35.756361,59.1280992,622.0
853,Razavi Khorasan,2020/03/18,35.756361,59.1280992,652.0
854,Razavi Khorasan,2020/03/19,35.756361,59.1280992,702.0
855,Razavi Khorasan,2020/03/20,35.756361,59.1280992,750.0
856,Razavi Khorasan,2020/03/21,35.756361,59.1280992,807.0
857,Razavi Khorasan,2020/03/22,35.756361,59.1280992,849.0
858,Sistan and Baluchestan,2020/02/19,28.1292481,60.8236848,0.0
859,Sistan and Baluchestan,2020/02/20,28.1292481,60.8236848,0.0
860,Sistan and Baluchestan,2020/02/21,28.1292481,60.8236848,0.0
861,Sistan and Baluchestan,2020/02/22,28.1292481,60.8236848,0.0
862,Sistan and Baluchestan,2020/02/23,28.1292481,60.8236848,0.0
863,Sistan and Baluchestan,2020/02/24,28.1292481,60.8236848,0.0
864,Sistan and Baluchestan,2020/02/25,28.1292481,60.8236848,0.0
865,Sistan and Baluchestan,2020/02/26,28.1292481,60.8236848,2.0
866,Sistan and Baluchestan,2020/02/27,28.1292481,60.8236848,2.0
867,Sistan and Baluchestan,2020/02/28,28.1292481,60.8236848,2.0
868,Sistan and Baluchestan,2020/02/29,28.1292481,60.8236848,3.0
869,Sistan and Baluchestan,2020/03/01,28.1292481,60.8236848,5.0
870,Sistan and Baluchestan,2020/03/02,28.1292481,60.8236848,5.0
871,Sistan and Baluchestan,2020/03/03,28.1292481,60.8236848,5.0
872,Sistan and Baluchestan,2020/03/04,28.1292481,60.8236848,13.0
873,Sistan and Baluchestan,2020/03/05,28.1292481,60.8236848,18.0
874,Sistan and Baluchestan,2020/03/06,28.1292481,60.8236848,20.0
875,Sistan and Baluchestan,2020/03/07,28.1292481,60.8236848,33.0
876,Sistan and Baluchestan,2020/03/08,28.1292481,60.8236848,33.0
877,Sistan and Baluchestan,2020/03/09,28.1292481,60.8236848,33.0
878,Sistan and Baluchestan,2020/03/10,28.1292481,60.8236848,39.0
879,Sistan and Baluchestan,2020/03/11,28.1292481,60.8236848,43.0
880,Sistan and Baluchestan,2020/03/12,28.1292481,60.8236848,49.0
881,Sistan and Baluchestan,2020/03/13,28.1292481,60.8236848,51.0
882,Sistan and Baluchestan,2020/03/14,28.1292481,60.8236848,53.0
883,Sistan and Baluchestan,2020/03/15,28.1292481,60.8236848,59.0
884,Sistan and Baluchestan,2020/03/16,28.1292481,60.8236848,70.0
885,Sistan and Baluchestan,2020/03/17,28.1292481,60.8236848,81.0
886,Sistan and Baluchestan,2020/03/18,28.1292481,60.8236848,87.0
887,Sistan and Baluchestan,2020/03/19,28.1292481,60.8236848,105.0
888,Sistan and Baluchestan,2020/03/20,28.1292481,60.8236848,113.0
889,Sistan and Baluchestan,2020/03/21,28.1292481,60.8236848,118.0
890,Sistan and Baluchestan,2020/03/22,28.1292481,60.8236848,133.0
891,Yazd,2020/02/19,31.8886686,54.3641264,0.0
892,Yazd,2020/02/20,31.8886686,54.3641264,0.0
893,Yazd,2020/02/21,31.8886686,54.3641264,0.0
894,Yazd,2020/02/22,31.8886686,54.3641264,0.0
895,Yazd,2020/02/23,31.8886686,54.3641264,0.0
896,Yazd,2020/02/24,31.8886686,54.3641264,0.0
897,Yazd,2020/02/25,31.8886686,54.3641264,0.0
898,Yazd,2020/02/26,31.8886686,54.3641264,0.0
899,Yazd,2020/02/27,31.8886686,54.3641264,1.0
900,Yazd,2020/02/28,31.8886686,54.3641264,1.0
901,Yazd,2020/02/29,31.8886686,54.3641264,5.0
902,Yazd,2020/03/01,31.8886686,54.3641264,5.0
903,Yazd,2020/03/02,31.8886686,54.3641264,5.0
904,Yazd,2020/03/03,31.8886686,54.3641264,5.0
905,Yazd,2020/03/04,31.8886686,54.3641264,5.0
906,Yazd,2020/03/05,31.8886686,54.3641264,5.0
907,Yazd,2020/03/06,31.8886686,54.3641264,55.0
908,Yazd,2020/03/07,31.8886686,54.3641264,79.0
909,Yazd,2020/03/08,31.8886686,54.3641264,85.0
910,Yazd,2020/03/09,31.8886686,54.3641264,88.0
911,Yazd,2020/03/10,31.8886686,54.3641264,125.0
912,Yazd,2020/03/11,31.8886686,54.3641264,148.0
913,Yazd,2020/03/12,31.8886686,54.3641264,169.0
914,Yazd,2020/03/13,31.8886686,54.3641264,215.0
915,Yazd,2020/03/14,31.8886686,54.3641264,288.0
916,Yazd,2020/03/15,31.8886686,54.3641264,324.0
917,Yazd,2020/03/16,31.8886686,54.3641264,375.0
918,Yazd,2020/03/17,31.8886686,54.3641264,424.0
919,Yazd,2020/03/18,31.8886686,54.3641264,469.0
920,Yazd,2020/03/19,31.8886686,54.3641264,538.0
921,Yazd,2020/03/20,31.8886686,54.3641264,587.0
922,Yazd,2020/03/21,31.8886686,54.3641264,639.0
923,Yazd,2020/03/22,31.8886686,54.3641264,723.0
924,South Khorasan,2020/02/19,33.0006776,58.3262335,0.0
925,South Khorasan,2020/02/20,33.0006776,58.3262335,0.0
926,South Khorasan,2020/02/21,33.0006776,58.3262335,0.0
927,South Khorasan,2020/02/22,33.0006776,58.3262335,0.0
928,South Khorasan,2020/02/23,33.0006776,58.3262335,0.0
929,South Khorasan,2020/02/24,33.0006776,58.3262335,0.0
930,South Khorasan,2020/02/25,33.0006776,58.3262335,0.0
931,South Khorasan,2020/02/26,33.0006776,58.3262335,0.0
932,South Khorasan,2020/02/27,33.0006776,58.3262335,0.0
933,South Khorasan,2020/02/28,33.0006776,58.3262335,0.0
934,South Khorasan,2020/02/29,33.0006776,58.3262335,1.0
935,South Khorasan,2020/03/01,33.0006776,58.3262335,3.0
936,South Khorasan,2020/03/02,33.0006776,58.3262335,3.0
937,South Khorasan,2020/03/03,33.0006776,58.3262335,3.0
938,South Khorasan,2020/03/04,33.0006776,58.3262335,3.0
939,South Khorasan,2020/03/05,33.0006776,58.3262335,12.0
940,South Khorasan,2020/03/06,33.0006776,58.3262335,15.0
941,South Khorasan,2020/03/07,33.0006776,58.3262335,15.0
942,South Khorasan,2020/03/08,33.0006776,58.3262335,41.0
943,South Khorasan,2020/03/09,33.0006776,58.3262335,34.0
944,South Khorasan,2020/03/10,33.0006776,58.3262335,48.0
945,South Khorasan,2020/03/11,33.0006776,58.3262335,63.0
946,South Khorasan,2020/03/12,33.0006776,58.3262335,75.0
947,South Khorasan,2020/03/13,33.0006776,58.3262335,75.0
948,South Khorasan,2020/03/14,33.0006776,58.3262335,79.0
949,South Khorasan,2020/03/15,33.0006776,58.3262335,97.0
950,South Khorasan,2020/03/16,33.0006776,58.3262335,104.0
951,South Khorasan,2020/03/17,33.0006776,58.3262335,116.0
952,South Khorasan,2020/03/18,33.0006776,58.3262335,137.0
953,South Khorasan,2020/03/19,33.0006776,58.3262335,142.0
954,South Khorasan,2020/03/20,33.0006776,58.3262335,160.0
955,South Khorasan,2020/03/21,33.0006776,58.3262335,160.0
956,South Khorasan,2020/03/22,33.0006776,58.3262335,175.0
957,Kerman,2020/02/19,30.2924085,57.0645647,0.0
958,Kerman,2020/02/20,30.2924085,57.0645647,0.0
959,Kerman,2020/02/21,30.2924085,57.0645647,0.0
960,Kerman,2020/02/22,30.2924085,57.0645647,0.0
961,Kerman,2020/02/23,30.2924085,57.0645647,0.0
962,Kerman,2020/02/24,30.2924085,57.0645647,0.0
963,Kerman,2020/02/25,30.2924085,57.0645647,0.0
964,Kerman,2020/02/26,30.2924085,57.0645647,0.0
965,Kerman,2020/02/27,30.2924085,57.0645647,0.0
966,Kerman,2020/02/28,30.2924085,57.0645647,0.0
967,Kerman,2020/02/29,30.2924085,57.0645647,0.0
968,Kerman,2020/03/01,30.2924085,57.0645647,2.0
969,Kerman,2020/03/02,30.2924085,57.0645647,2.0
970,Kerman,2020/03/03,30.2924085,57.0645647,2.0
971,Kerman,2020/03/04,30.2924085,57.0645647,16.0
972,Kerman,2020/03/05,30.2924085,57.0645647,16.0
973,Kerman,2020/03/06,30.2924085,57.0645647,23.0
974,Kerman,2020/03/07,30.2924085,57.0645647,38.0
975,Kerman,2020/03/08,30.2924085,57.0645647,39.0
976,Kerman,2020/03/09,30.2924085,57.0645647,34.0
977,Kerman,2020/03/10,30.2924085,57.0645647,38.0
978,Kerman,2020/03/11,30.2924085,57.0645647,56.0
979,Kerman,2020/03/12,30.2924085,57.0645647,63.0
980,Kerman,2020/03/13,30.2924085,57.0645647,75.0
981,Kerman,2020/03/14,30.2924085,57.0645647,75.0
982,Kerman,2020/03/15,30.2924085,57.0645647,82.0
983,Kerman,2020/03/16,30.2924085,57.0645647,95.0
984,Kerman,2020/03/17,30.2924085,57.0645647,114.0
985,Kerman,2020/03/18,30.2924085,57.0645647,125.0
986,Kerman,2020/03/19,30.2924085,57.0645647,139.0
987,Kerman,2020/03/20,30.2924085,57.0645647,151.0
988,Kerman,2020/03/21,30.2924085,57.0645647,159.0
989,Kerman,2020/03/22,30.2924085,57.0645647,167.0
990,North Khorasan,2020/02/19,37.5378855,56.9526137,0.0
991,North Khorasan,2020/02/20,37.5378855,56.9526137,0.0
992,North Khorasan,2020/02/21,37.5378855,56.9526137,0.0
993,North Khorasan,2020/02/22,37.5378855,56.9526137,0.0
994,North Khorasan,2020/02/23,37.5378855,56.9526137,0.0
995,North Khorasan,2020/02/24,37.5378855,56.9526137,0.0
996,North Khorasan,2020/02/25,37.5378855,56.9526137,0.0
997,North Khorasan,2020/02/26,37.5378855,56.9526137,0.0
998,North Khorasan,2020/02/27,37.5378855,56.9526137,0.0
999,North Khorasan,2020/02/28,37.5378855,56.9526137,0.0
1000,North Khorasan,2020/02/29,37.5378855,56.9526137,0.0
1001,North Khorasan,2020/03/01,37.5378855,56.9526137,0.0
1002,North Khorasan,2020/03/02,37.5378855,56.9526137,0.0
1003,North Khorasan,2020/03/03,37.5378855,56.9526137,0.0
1004,North Khorasan,2020/03/04,37.5378855,56.9526137,1.0
1005,North Khorasan,2020/03/05,37.5378855,56.9526137,3.0
1006,North Khorasan,2020/03/06,37.5378855,56.9526137,15.0
1007,North Khorasan,2020/03/07,37.5378855,56.9526137,23.0
1008,North Khorasan,2020/03/08,37.5378855,56.9526137,24.0
1009,North Khorasan,2020/03/09,37.5378855,56.9526137,34.0
1010,North Khorasan,2020/03/10,37.5378855,56.9526137,34.0
1011,North Khorasan,2020/03/11,37.5378855,56.9526137,45.0
1012,North Khorasan,2020/03/12,37.5378855,56.9526137,45.0
1013,North Khorasan,2020/03/13,37.5378855,56.9526137,87.0
1014,North Khorasan,2020/03/14,37.5378855,56.9526137,88.0
1015,North Khorasan,2020/03/15,37.5378855,56.9526137,94.0
1016,North Khorasan,2020/03/16,37.5378855,56.9526137,139.0
1017,North Khorasan,2020/03/17,37.5378855,56.9526137,142.0
1018,North Khorasan,2020/03/18,37.5378855,56.9526137,142.0
1019,North Khorasan,2020/03/19,37.5378855,56.9526137,163.0
1020,North Khorasan,2020/03/20,37.5378855,56.9526137,180.0
1021,North Khorasan,2020/03/21,37.5378855,56.9526137,181.0
1022,North Khorasan,2020/03/22,37.5378855,56.9526137,207.0
